verbs,freq
say,12305
get,6129
go,4409
think,3203
look,2658
make,2586
take,2345
drive,2188
see,2081
know,2042
use,1923
want,1915
buy,1873
come,1605
seem,1525
find,1493
’s,1387
need,1361
sell,1315
give,1167
keep,1147
tell,1058
put,1041
pay,1013
try,952
work,946
start,896
ask,854
do,781
leave,731
wait,599
run,594
feel,583
’m,576
call,572
offer,561
happen,556
guess,534
move,533
replace,525
saw,492
hear,480
mean,461
consider,454
pick,452
sit,451
show,450
like,443
end,433
add,433
build,424
remember,416
turn,414
stop,411
include,398
check,397
let,384
sound,379
decide,376
pull,375
hit,368
assume,365
love,361
live,357
set,355
bring,349
lose,348
hold,346
charge,343
expect,337
order,334
read,330
spend,327
change,325
mention,323
send,318
believe,310
agree,305
miss,304
own,303
speak,298
arrive,290
talk,290
drop,283
base,273
pass,266
lease,246
follow,243
notice,236
break,235
help,232
fix,230
require,228
cover,227
list,226
watch,224
hop,216
play,215
suppose,213
stay,213
compare,206
figure,205
’re,203
instal,203
learn,202
felt,201
save,196
enjoy,194
post,194
allow,188
cost,187
remove,184
fill,180
realize,179
handle,179
appear,178
become,173
continue,166
prefer,166
walk,165
meet,163
wear,162
receive,158
deal,156
deliver,155
fall,148
cause,146
plan,144
provide,143
reach,143
update,142
stick,141
understand,141
throw,139
trade,136
remind,135
open,133
return,131
fit,130
depend,127
catch,127
purchase,126
accord,125
forget,124
point,123
price,123
grow,122
cut,121
close,121
flip,120
write,120
suggest,120
equip,118
wonder,118
tend,117
fly,116
report,116
extend,115
relate,114
tempt,113
limit,113
rent,113
lead,112
wish,112
’ve,111
plug,110
clean,109
explain,106
blow,105
sign,105
rid,104
avoid,103
choose,103
push,102
park,102
share,100
schedule,99
accept,99
state,99
stand,98
care,98
cross,96
trim,96
roll,94
place,94
cancel,93
imagine,92
recall,92
increase,92
manage,91
fail,90
worry,90
bother,90
swap,89
appreciate,89
involve,88
time,88
remain,87
eat,87
ride,87
hate,87
maintain,86
jump,86
tow,85
beat,85
register,85
burn,85
switch,85
matter,84
apply,83
hope,83
count,83
begin,83
upgrade,83
serve,82
knock,82
win,81
gon,80
issue,80
quote,80
pop,79
load,78
surprise,78
complain,78
recommend,77
exist,76
ship,76
retire,76
note,75
face,74
total,74
produce,73
listen,72
carry,72
improve,71
design,71
concern,70
ai,69
last,69
install,68
cool,68
combine,67
visit,67
thank,66
head,66
result,66
travel,66
heat,65
leak,64
regard,64
shoot,64
confirm,64
bet,64
indicate,63
hurt,63
punch,62
bite,62
wash,62
teach,62
answer,62
test,61
suffer,60
raise,60
back,59
mind,59
bid,59
tour,58
finish,58
hat,58
kick,58
discuss,58
release,58
die,57
fun,56
experience,55
hide,54
settle,54
screw,54
discover,53
clutch,53
hang,53
scratch,53
respond,53
decline,53
locate,53
rebuild,53
adjust,53
track,52
grant,52
attach,51
admit,51
grab,51
click,51
jeep,51
collect,51
pump,51
acquire,51
mount,50
shop,50
create,50
connect,50
book,50
hire,49
recharge,49
lock,48
bump,48
range,48
steer,48
protect,48
finance,47
edmunds,47
suck,47
operate,47
lack,46
claim,46
qualify,46
average,46
draw,46
refuse,46
invest,45
rat,45
lot,45
fight,44
inquire,44
step,44
steal,44
impress,43
perform,43
crack,43
reply,43
kill,43
power,43
optioned,43
browse,43
shut,43
predict,42
enter,42
hand,42
shift,42
prove,42
strand,42
dig,41
drivetrain,41
paint,41
approve,41
seat,41
challenge,41
mess,41
repair,41
bear,41
clear,40
kid,40
amuse,40
curb,40
lean,40
waste,40
rise,40
submit,40
intend,40
join,39
laugh,39
affect,39
feature,39
ignore,39
wake,39
chat,39
reserve,39
occur,39
rip,39
float,39
lower,39
rdx,39
appeal,38
search,38
top,38
fold,38
fell,38
mark,37
service,37
insist,37
reduce,37
expire,36
subie,36
trust,36
lie,36
doubt,36
focus,36
transfer,35
force,35
tailgate,35
diagnose,35
sort,34
resolve,34
lay,34
approach,34
convert,34
annoy,34
garage,34
tear,33
disagree,33
hurry,33
light,33
roof,33
guarantee,33
support,33
await,33
shock,33
assign,33
brand,33
select,33
import,33
cheat,33
email,32
struggle,32
welcome,32
strike,32
address,32
control,32
describe,31
darn,31
estimate,31
solve,31
maverick,31
couple,31
generate,31
complete,31
develop,31
fire,30
touch,30
overprice,30
confuse,30
eliminate,30
refer,30
announce,30
afford,30
display,30
spot,30
file,30
title,30
promise,29
slide,29
calculate,29
dump,29
weigh,29
nail,29
quit,29
shed,29
match,28
manufacture,28
spray,28
delay,28
secure,28
perfect,28
inform,28
negotiate,28
desire,28
evs,28
wind,28
accelerate,28
borrow,27
spoil,27
attract,27
resist,27
introduce,27
speed,27
spread,27
determine,27
cruise,27
treat,27
escape,27
contact,27
vary,27
size,27
cuv,27
tax,27
comment,27
oppose,27
pour,27
convince,27
warn,27
repeat,27
tune,26
rack,26
advertise,26
problem,26
survive,26
texted,26
blame,26
investigate,26
store,26
argue,26
freeze,25
fetch,25
review,25
score,25
rain,25
sleep,25
justify,25
gouge,25
slow,25
restore,24
verify,24
complicate,24
bury,24
jack,24
discontinue,24
stink,24
press,24
act,24
attend,24
double,24
’d,23
joke,23
link,23
tie,23
owe,23
mb,23
have,23
suspect,23
smoke,23
target,23
gather,23
trip,23
market,23
scream,23
flood,23
request,23
slip,22
pair,22
mix,22
copy,22
wheel,22
line,22
block,22
name,22
commit,22
organize,22
dream,22
land,21
haul,21
ponder,21
honor,21
bind,21
prevent,21
recover,21
belong,21
earn,21
car,21
shake,21
coat,21
crash,21
stickered,21
assist,21
view,21
thrill,21
judge,20
attempt,20
establish,20
adopt,20
damn,20
assure,20
bless,20
pack,20
deserve,20
engage,20
ct,20
disappear,20
reset,20
threaten,20
kind,20
depreciate,20
fault,20
stack,20
bradd,20
stretch,20
question,20
integra,20
gear,19
dare,19
poke,19
reverse,19
present,19
obsess,19
accumulate,19
compete,19
snap,19
excite,19
ram,19
boost,19
account,19
prorate,19
stock,19
downsize,19
sense,19
soak,19
plant,19
course,18
plow,18
interest,18
ruin,18
observe,18
favor,18
exchange,18
rest,18
encounter,18
demand,18
scrap,18
pending,18
fear,18
clog,18
ventilate,18
cr,18
record,18
propose,18
bjs,18
rotate,18
redesign,18
hinge,18
ban,17
intrigue,17
inflate,17
lift,17
repaint,17
encourage,17
brake,17
correct,17
ok,17
mail,17
normalize,17
hack,17
function,17
patch,17
behave,17
pad,17
whack,17
rush,17
obtain,17
marry,17
mandate,17
fry,17
exclude,17
form,17
tick,17
anticipate,16
damage,16
offset,16
rust,16
wrap,16
shovel,16
wreck,16
yikes,16
lol,16
represent,16
inspect,16
weekend,16
supply,16
monitor,16
rule,16
luck,16
regret,16
employ,16
label,15
research,15
disappoint,15
bounce,15
merge,15
tire,15
chase,15
sink,15
associate,15
spin,15
overlook,15
keychain,15
surround,15
grey,15
lend,15
toy,15
fade,15
delete,15
recognize,15
suvs,15
notify,15
disclose,15
mpg,15
smell,15
rear,15
publish,15
style,15
nab,15
tap,14
ish,14
value,14
hammer,14
bug,14
drill,14
document,14
drink,14
chance,14
transport,14
gray,14
floor,14
stuff,14
climb,14
sight,14
clock,14
age,14
advise,14
reject,14
letter,14
certify,14
program,14
risk,14
sway,14
auction,14
dealer,14
contain,13
miles,13
dodge,13
identify,13
eye,13
grind,13
gravitate,13
bag,13
orient,13
deny,13
expose,13
fee,13
warm,13
cladding,13
trash,13
nope,13
structure,13
yell,13
relocate,13
width,13
windows,13
exceed,13
license,13
warranty,13
frustrate,13
discount,13
year,13
hook,13
level,12
aspirate,12
navigate,12
commute,12
tackle,12
enforce,12
rely,12
lowball,12
bust,12
detect,12
implement,12
page,12
mistake,12
wax,12
log,12
cash,12
interview,12
elect,12
picture,12
ease,12
invite,12
tint,12
wander,12
aforementioned,12
cap,12
seattle,12
drain,12
reveal,12
com,12
skip,12
morn,12
dress,12
outback,12
command,12
overpay,12
insert,11
near,11
overheat,11
days,11
proceed,11
perceive,11
stall,11
windshield,11
tweak,11
wan,11
collapse,11
ti,11
cramp,11
beg,11
side,11
ding,11
flow,11
prepare,11
refund,11
contribute,11
interference,11
creep,11
hunt,11
drag,11
empty,11
restrict,11
wipe,11
resemble,11
debate,11
dry,11
vote,11
drool,11
subtract,11
tip,11
diesel,11
revise,11
pretend,11
split,11
toss,11
ramp,11
exhaust,11
stagger,11
cc,11
cringe,11
differentiate,11
derestrict,11
destroy,10
incline,10
powertrain,10
valve,10
opt,10
authorize,10
squeeze,10
chip,10
choice,10
melt,10
blink,10
print,10
train,10
mf,10
date,10
specify,10
electrify,10
reflect,10
crush,10
expand,10
peel,10
decrease,10
transition,10
apologize,10
spring,10
refine,10
calibrate,10
cl,10
sb,10
constrain,10
tank,10
contrast,10
jmonroe,10
balk,10
shuffle,10
number,10
swear,10
retail,10
thread,10
model,10
arrange,10
infer,10
crv,10
silverado,10
gamble,10
cough,10
cook,10
retrieve,10
preserve,10
bolster,10
rebadged,10
bleed,10
sip,10
envy,10
smash,10
soften,10
rhd,10
invoice,10
porsche,10
rescind,10
pray,9
vehicles,9
years,9
buick,9
grill,9
flake,9
ghost,9
recoup,9
dust,9
insure,9
warrant,9
miata,9
sebring,9
disconnect,9
recur,9
mach,9
participate,9
disable,9
cult,9
modify,9
package,9
evidence,9
bar,9
process,9
rattle,9
spike,9
replicate,9
bum,9
miled,9
weld,9
flatbed,9
bend,9
glow,9
flash,9
trouble,9
circle,9
mow,9
duplicate,9
co,9
fund,9
injure,9
bore,9
relax,9
ring,9
mercedes,9
distribute,9
appoint,9
refi,9
exhibit,9
declare,9
inherit,9
hike,9
acknowledge,9
rumor,9
feed,9
hd,9
res,9
download,9
ideal,9
slap,9
launch,9
ditch,9
strip,9
pin,9
part,9
clarify,9
ground,9
spill,9
bolt,9
enable,9
witness,9
seal,9
overcome,9
blaze,9
passports,9
wrench,9
balance,9
allege,8
chevy,8
liners,8
relent,8
thing,8
bits,8
project,8
phev,8
lighten,8
legit,8
forgive,8
crawl,8
comfy,8
graduate,8
cry,8
activate,8
express,8
passat,8
prompt,8
easy,8
black,8
default,8
bush,8
factor,8
lucked,8
facebook,8
c’m,8
wrangler,8
hustle,8
automate,8
tag,8
oled,8
battle,8
accustom,8
loosen,8
rescue,8
stray,8
advance,8
nd,8
nightmare,8
whop,8
fact,8
soar,8
space,8
accuse,8
defeat,8
pano,8
row,8
renew,8
reconsider,8
tread,8
seek,8
fuss,8
thanksgiving,8
chop,8
shin,8
occupy,8
relieve,8
refinance,8
permit,8
equal,8
refresh,8
straighten,8
mileage,8
explore,8
please,8
tout,8
example,8
zone,8
gross,8
months,8
imply,8
painful,8
aim,8
inline,8
way,8
rank,8
arise,8
motorize,8
gaskets,8
towel,8
outline,8
recycle,8
waffle,8
vomit,8
amg,8
spirit,8
room,7
ice,7
cite,7
retain,7
hatch,7
rub,7
depart,7
modded,7
suit,7
scar,7
study,7
hobble,7
option,7
clue,7
piss,7
aggravate,7
kink,7
ping,7
wire,7
reason,7
button,7
reinstall,7
hole,7
appropriate,7
suv,7
cpo,7
badge,7
entitle,7
utter,7
hose,7
race,7
corrode,7
inspire,7
crowd,7
roading,7
sigh,7
deem,7
pile,7
deposit,7
phase,7
android,7
transit,7
incentives,7
uncover,7
bash,7
experiment,7
yield,7
supercharge,7
spell,7
shape,7
bargain,7
scare,7
good,7
shower,7
unload,7
scan,7
stamp,7
isolate,7
distract,7
forester,7
cope,7
cram,7
prioritize,7
motor,7
achieve,7
minimize,7
epc,7
benefit,7
abandon,7
pre,7
enclose,7
progress,7
scatter,7
highways,7
overcharge,7
fuel,7
article,7
mat,7
right,7
sparkle,7
slice,7
gap,7
swim,7
rental,7
shame,7
sail,7
improvement,7
roam,7
pocket,7
firewalled,7
glaze,7
sucker,7
altamont,7
wyoming,7
choke,6
impose,6
cheap,6
spit,6
effect,6
paranoid,6
separate,6
word,6
chickened,6
embarrass,6
frequent,6
inch,6
salt,6
spur,6
ky,6
lbs,6
school,6
great,6
reps,6
peruse,6
contemplate,6
underestimate,6
tighten,6
gauge,6
massage,6
exec,6
disallow,6
dim,6
bail,6
penfed,6
buyout,6
seatbelts,6
ny,6
chrome,6
twist,6
compliment,6
sensor,6
utilize,6
fine,6
alpins,6
trigger,6
ins,6
man,6
squeal,6
remark,6
water,6
enrol,6
lodge,6
launder,6
integrate,6
grace,6
login,6
crap,6
hassle,6
exercise,6
house,6
fence,6
upset,6
exaggerate,6
itch,6
slash,6
morning,6
motivate,6
interiors,6
headlights,6
consume,6
reek,6
veil,6
sue,6
constraint,6
eyeball,6
assess,6
ensure,6
curse,6
reassemble,6
dedicate,6
subdue,6
facepalm,6
mirror,6
salivate,6
hemi,6
reopen,6
sponsor,6
celebrate,6
impact,6
better,6
rig,6
configure,6
deploy,6
spar,6
donate,6
contaminate,6
carmax,6
amaze,6
compose,6
trailer,6
redo,6
message,6
buffer,6
donuts,6
compensate,6
beetle,6
wrong,6
board,6
scrub,6
threated,6
dispense,6
dance,6
misspell,6
indie,6
condition,6
proclaim,6
shade,6
resell,6
beginnings,6
bricked,6
lyft,6
allude,6
overnighted,6
allocate,6
slam,6
hearten,6
romanticize,6
glc,6
worse,6
patronize,6
assemble,6
cure,6
discard,6
snag,5
devastate,5
turbocharged,5
underwhelming,5
audis,5
bah,5
unnerve,5
respect,5
embrace,5
hover,5
lci,5
remote,5
reuse,5
tally,5
hotel,5
hill,5
ski,5
accomplish,5
profit,5
medicare,5
knees,5
puzzle,5
enact,5
idle,5
star,5
maxed,5
sideswipe,5
hour,5
type,5
leather,5
attitude,5
cop,5
thoughts,5
destruct,5
despise,5
span,5
nicer,5
engines,5
react,5
ugh,5
mazdaspeed,5
arrest,5
dip,5
preach,5
dent,5
minutes,5
dictate,5
pool,5
gm,5
hybrids,5
repossess,5
saddle,5
stream,5
dominate,5
clash,5
unplug,5
midsize,5
cord,5
dislike,5
reward,5
bosch,5
percent,5
mold,5
week,5
conflict,5
instruct,5
stumble,5
rd,5
trickle,5
sustain,5
blast,5
explode,5
waive,5
erroring,5
cred,5
incorporate,5
sneak,5
penalize,5
thin,5
cars,5
reiterate,5
insult,5
signal,5
ostracize,5
jazz,5
sync,5
loan,5
enclaves,5
source,5
manipulate,5
surface,5
yt,5
whine,5
practice,5
heck,5
contract,5
jag,5
bone,5
edge,5
direct,5
rot,5
enhance,5
prelude,5
upkeep,5
analyze,5
foresee,5
burst,5
tesla,5
adapt,5
refill,5
connecticut,5
discipline,5
free,5
vaccinate,5
vt,5
fork,5
earnest,5
genny,5
photos,5
firefox,5
taunt,5
dozens,5
fixate,5
blister,5
marketplace,5
pit,5
fool,5
illuminate,5
rout,5
dammit,5
shatter,5
visualize,5
sidewalls,5
sharpen,5
pronounce,5
outlay,5
subscribe,5
throttle,5
glue,5
guide,5
crosstrek,5
quad,5
controllowered,5
packageparking,5
projectorsdriver,5
sillsheated,5
shelve,5
hardtop,5
lexus,5
hesitate,5
sputter,5
whip,5
smile,5
smite,5
weight,5
son,5
kei,5
mighty,5
sprinkle,5
conversation,5
phils,5
cremate,5
aspire,5
failure,5
stutter,5
tmv,5
unseat,5
conundrum,5
concept,5
enlighten,5
jdm,5
venue,5
dealbreaker,5
detuned,4
scale,4
worth,4
underwhelmed,4
spiffed,4
centralize,4
spite,4
puncture,4
trick,4
salaried,4
supersize,4
paralyze,4
overcompensate,4
snow,4
plaster,4
forgo,4
skid,4
hockenheim,4
labor,4
stabilize,4
possess,4
crank,4
satisfy,4
slum,4
radar,4
minute,4
front,4
consult,4
offend,4
orange,4
due,4
unlock,4
spark,4
perforate,4
flicker,4
nice,4
google,4
gti,4
hours,4
overflow,4
ford,4
prius,4
latch,4
commission,4
overload,4
reschedule,4
rock,4
deplete,4
exit,4
badlands,4
appt,4
prepay,4
storm,4
bowl,4
shout,4
cel,4
quattro,4
pursue,4
gunk,4
pain,4
mend,4
apple,4
inconvenience,4
subsidize,4
itunes,4
induce,4
revile,4
warp,4
flare,4
ranger,4
tolerate,4
roadtripping,4
sticker,4
jetta,4
postpone,4
amount,4
disassemble,4
gain,4
hearted,4
stalk,4
shear,4
people,4
unrepaired,4
color,4
adjoin,4
plain,4
turbos,4
lacrosse,4
modernize,4
mine,4
sting,4
detail,4
honk,4
wheelbase,4
evolve,4
entertain,4
bank,4
misjudge,4
resign,4
attribute,4
engine,4
retro,4
net,4
shudder,4
invent,4
tundra,4
retrofit,4
zoo,4
pnw,4
plat,4
border,4
roads,4
frown,4
revoke,4
dc,4
consist,4
communicate,4
craigslist,4
brag,4
grenaded,4
torsten,4
presume,4
term,4
fulfil,4
noise,4
tanzanite,4
avis,4
pant,4
partner,4
telsa,4
pirate,4
rentals,4
mom,4
oding,4
insulators,4
ranch,4
carsick,4
bil,4
hauler,4
discolor,4
dumbed,4
oops,4
sour,4
overstock,4
acquaint,4
corvettes,4
boast,4
pinch,4
month,4
fog,4
sibling,4
boss,4
taste,4
rail,4
round,4
clemens,4
sunsetting,4
mangle,4
disturb,4
discs,4
edit,4
dive,4
cling,4
restart,4
neglect,4
au,4
friends,4
courtesy,4
indulge,4
sxm,4
defender,4
integrations,4
remediate,4
restaurants,4
meetup,4
adhere,4
emergency,4
specialize,4
jonesing,4
spruce,4
sweat,4
troop,4
popular,4
unsee,4
host,4
stash,4
bose,4
tacoma,4
map,4
roomy,4
grout,4
rinse,4
coordinate,4
unscheduled,4
port,4
grade,4
transform,4
goodwill,4
cheaped,4
mop,4
emphasize,4
polestar,4
caddy,4
downshifted,4
torqued,4
splash,4
mini,4
impressions,4
groom,4
butcher,4
lust,4
glass,4
weave,4
cts,4
loathe,4
measure,4
protrude,4
plunk,4
driveways,4
player,4
dawdle,4
loaf,4
disinterested,4
advocate,4
overinflated,4
reorganize,4
titans,4
coyote,4
linger,4
outdated,4
solution,4
layoffs,4
crop,4
notebooks,4
interstates,4
dealerships,4
gravel,4
solicit,4
grip,4
nufinish,4
wallop,4
plummet,4
punish,4
llcs,4
iseecars,4
minis,4
contradict,4
terminate,4
script,4
pawn,4
queue,4
frustrations,4
steelies,4
upsells,4
shoehorn,4
overbid,4
chalk,4
conspire,4
logical,4
swell,4
abide,3
thrive,3
evacuate,3
possibility,3
pan,3
nick,3
irritate,3
crave,3
stir,3
lariat,3
devote,3
comps,3
complaints,3
wa,3
enlist,3
terrify,3
porky,3
truckish,3
overkill,3
venture,3
mislead,3
scroll,3
truck,3
pearlized,3
align,3
short,3
engined,3
resale,3
rev,3
breld,3
disregard,3
goose,3
ratchet,3
sub,3
glorify,3
sacrifice,3
gps,3
interim,3
conjure,3
boil,3
quarter,3
seize,3
surpass,3
deliveries,3
diminish,3
dct,3
youtube,3
destine,3
woods,3
hoist,3
pounce,3
antifreeze,3
thunk,3
convenient,3
turnpike,3
hyundai,3
calm,3
downshifting,3
designate,3
clamor,3
peddle,3
bridgestone,3
wizard,3
game,3
relegate,3
yrs,3
anything,3
intake,3
weird,3
award,3
wooded,3
mill,3
texting,3
neuter,3
dieselgate,3
rethink,3
yellow,3
shuttle,3
outpace,3
root,3
amplify,3
mourn,3
case,3
desert,3
cod,3
draft,3
allen,3
wiggle,3
decease,3
eco,3
volume,3
lithium,3
constraints,3
hybrid,3
allegheny,3
volunteer,3
unincorporated,3
iow,3
ball,3
resold,3
appraise,3
bound,3
smolder,3
chargepoint,3
motivation,3
wranglers,3
bookmarked,3
interpret,3
cancellations,3
zoom,3
compromise,3
wed,3
implant,3
zombie,3
carwash,3
skytop,3
fend,3
rav,3
roadtrip,3
resume,3
sedans,3
waft,3
campground,3
pedal,3
mass,3
suspend,3
howeedmunds,3
budget,3
rpm,3
dampen,3
soothe,3
concede,3
outbid,3
baffle,3
flop,3
pix,3
esave,3
exude,3
define,3
pace,3
unwind,3
greet,3
splurge,3
misinterpret,3
supplement,3
spider,3
motion,3
weep,3
ticket,3
reconnected,3
splice,3
babysitting,3
girlfriends,3
gr,3
export,3
gate,3
maximize,3
camry,3
olds,3
nephew,3
par,3
advantage,3
cast,3
unveil,3
insane,3
lv,3
hype,3
engineer,3
trays,3
available,3
grin,3
bully,3
district,3
hallways,3
retreat,3
incoming,3
fl,3
sport,3
channel,3
movies,3
nerding,3
club,3
sacrosanct,3
lubricate,3
rob,3
gmc,3
conceal,3
bueno,3
difference,3
overuse,3
debit,3
envision,3
sag,3
frame,3
dude,3
wet,3
commonplace,3
reconnect,3
reference,3
earmark,3
bunch,3
steam,3
wallet,3
dub,3
admire,3
wheelbarrow,3
air,3
swallow,3
creak,3
execute,3
entice,3
montero,3
polish,3
alfa,3
bias,3
facelifted,3
depress,3
appointment,3
vvt,3
decelerate,3
pivot,3
tumbleweed,3
amex,3
contest,3
contend,3
problematic,3
refinish,3
strengthen,3
stingers,3
disjoint,3
slump,3
siriusxm,3
spouse,3
flatten,3
examine,3
breach,3
tickle,3
walmart,3
dock,3
equate,3
ecoboost,3
multitasking,3
hahaha,3
wised,3
adulting,3
cup,3
onso,3
barn,3
fingerprint,3
bat,3
fast,3
overwrite,3
pts,3
cali,3
offload,3
nhl,3
trend,3
daily,3
string,3
fixtures,3
plumb,3
bundle,3
recline,3
coupe,3
chart,3
hindsight,3
forecast,3
hug,3
subdivide,3
bloody,3
non,3
burp,3
rayi,3
pluck,3
cave,3
relief,3
warehouse,3
btrying,3
useful,3
supra,3
beloved,3
tn,3
rezoned,3
lap,3
unbox,3
rename,3
blackwing,3
jog,3
limp,3
datsun,3
rase,3
hardtops,3
uoa,3
indespensible,3
sentence,3
lcs,3
freak,3
precognitioned,3
chirp,3
demolish,3
bbl,3
divert,3
chime,3
accompany,3
pita,3
eligibility,3
deceive,3
explanation,3
rubberize,3
remanufactured,3
up,3
etch,3
tsx,3
coast,3
harvest,3
coerce,3
de,3
dolled,3
prepping,3
snicker,3
vindicate,3
bling,3
languish,3
commercial,3
testify,3
recirculating,3
scoping,3
rebalanced,3
workspace,3
misplace,3
beget,3
stew,3
cold,3
teen,3
audit,3
abate,2
ifs,2
carnaught,2
restrain,2
squeak,2
albany,2
resort,2
stow,2
lumber,2
bang,2
appreciation,2
second,2
vpn,2
straddle,2
articulate,2
reassign,2
sabotage,2
mlb,2
patent,2
scoff,2
scalp,2
danged,2
kerosene,2
meal,2
soggy,2
bottom,2
rx,2
loom,2
tack,2
unmothball,2
acres,2
dispose,2
mitigate,2
flap,2
desperate,2
zhp,2
thrash,2
reliable,2
hoot,2
forbid,2
wring,2
sludged,2
stats,2
covet,2
denote,2
nominate,2
dismantle,2
snip,2
sham,2
dread,2
intermediate,2
nutzzzzzz,2
lucking,2
spear,2
bumper,2
moderate,2
code,2
northeast,2
shortage,2
elantra,2
sage,2
silliness,2
glance,2
rebate,2
interact,2
gig,2
bird,2
deemphasize,2
overnight,2
rectify,2
breed,2
vert,2
exception,2
absorb,2
low,2
euro,2
woof,2
legend,2
token,2
squash,2
heloc,2
dial,2
ff,2
derange,2
quickjacks,2
razz,2
escalate,2
excuse,2
chump,2
tool,2
stroke,2
convolute,2
stem,2
elbow,2
qled,2
driveable,2
favorites,2
revel,2
grrr,2
cutlass,2
ats,2
index,2
corrupt,2
overshoot,2
reencoding,2
slat,2
maxing,2
dishwasher,2
paper,2
downgrade,2
pioneer,2
suppress,2
different,2
playlists,2
tix,2
polarize,2
provolone,2
sauce,2
hefeweizen,2
pimp,2
ton,2
voice,2
item,2
dinner,2
photograph,2
heap,2
shred,2
knowledge,2
homer,2
raffle,2
highlander,2
divide,2
rehired,2
little,2
fridge,2
cam,2
sale,2
genesis,2
square,2
memorize,2
hamper,2
drip,2
galves,2
inputted,2
coincidence,2
preloaded,2
norm,2
notarize,2
upstanding,2
thieve,2
gloss,2
solara,2
center,2
clip,2
wes,2
rave,2
swing,2
crate,2
nix,2
fish,2
rim,2
home,2
campaign,2
jerk,2
courier,2
shabby,2
btb,2
concentrate,2
smurf,2
grandkids,2
garner,2
promote,2
humid,2
smartest,2
highway,2
sing,2
discourage,2
duck,2
bribe,2
recruit,2
can,2
sled,2
sightsee,2
din,2
counter,2
curve,2
vacuum,2
bruise,2
alignment,2
shell,2
moose,2
exacerbate,2
wag,2
expel,2
leverage,2
bake,2
vanish,2
boom,2
demonstrate,2
fwd,2
giddy,2
personalize,2
slick,2
escort,2
fleet,2
wad,2
pester,2
uncouple,2
buff,2
perry,2
rb,2
pug,2
thunder,2
carbahn,2
silver,2
mature,2
speculate,2
hooptie,2
acuralink,2
degree,2
skyrocket,2
clearer,2
lottery,2
doom,2
overreact,2
extrapolate,2
cycle,2
emerge,2
groundbreaking,2
rawsonville,2
triple,2
deride,2
colonize,2
earth,2
mar,2
musk,2
musks,2
spook,2
gun,2
unintended,2
wean,2
spectrum,2
horizon,2
fraught,2
foramred,2
forewarn,2
alternative,2
madden,2
slush,2
infotainment,2
guesstimate,2
sever,2
misrepresent,2
instance,2
kindred,2
blunt,2
regenerate,2
spank,2
statements,2
slosh,2
budge,2
annualized,2
embolden,2
corroborate,2
weather,2
squad,2
profile,2
stump,2
perk,2
scrutinize,2
abuse,2
wilderness,2
position,2
gas,2
pave,2
parade,2
enabler,2
gripe,2
repro,2
deaden,2
ignite,2
pup,2
gtr,2
rayluv,2
tweeter,2
fastback,2
nudge,2
slink,2
overlanding,2
oncoming,2
resecuring,2
weed,2
rayhope,2
hydroplane,2
situation,2
dissolve,2
dunno,2
problems,2
educate,2
wreak,2
dalliance,2
elp,2
rt,2
cream,2
recommendations,2
decay,2
gen,2
stinger,2
collins,2
psi,2
defer,2
remedied,2
revisit,2
guilted,2
picturesque,2
compress,2
strive,2
midsized,2
snowpocalypse,2
pancake,2
undertake,2
airbag,2
chomp,2
diamantes,2
heartbreaking,2
hero,2
banish,2
pink,2
beach,2
idea,2
backhand,2
demo,2
lwb,2
elaborate,2
dohc,2
psychological,2
multiple,2
dec,2
abbreviate,2
harebrained,2
cable,2
joy,2
overrate,2
retool,2
bypass,2
sum,2
adder,2
persuade,2
blacken,2
rag,2
awe,2
tech,2
perspective,2
shield,2
render,2
cab,2
impound,2
substantiate,2
ear,2
reflexes,2
widow,2
randomly,2
punt,2
conditionff,2
expensive,2
cease,2
genes,2
consign,2
credit,2
inoculate,2
brainstorm,2
naches,2
trail,2
bungle,2
sweep,2
flagship,2
beaters,2
televise,2
entail,2
allot,2
vehicle,2
adventure,2
intoxicate,2
incur,2
debeaded,2
mclarens,2
radius,2
substitute,2
clothe,2
barefooted,2
cushion,2
criticize,2
brush,2
revert,2
undercut,2
ims,2
buyer,2
faint,2
vet,2
transact,2
stammer,2
sunsetted,2
notch,2
object,2
joists,2
door,2
junk,2
rework,2
narrow,2
slowest,2
moms,2
strain,2
vouch,2
converge,2
fwiw,2
sunroof,2
chv,2
smidge,2
affiliate,2
ved,2
downshift,2
gli,2
clap,2
cid,2
convertibles,2
undergo,2
tahoe,2
lop,2
overlap,2
bj,2
recondition,2
malign,2
slogan,2
tlx,2
desensitize,2
craft,2
exasperate,2
showcasing,2
ditto,2
reboot,2
dpn,2
lump,2
cylinder,2
ukraine,2
cvt,2
honkerring,2
evaluate,2
niggle,2
pry,2
drape,2
compound,2
stockpile,2
coldest,2
waxy,2
swerve,2
breath,2
lkq,2
pleat,2
miff,2
buck,2
frost,2
winthrop,2
attatch,2
spare,2
ensue,2
alternate,2
galaxy,2
aid,2
crime,2
sniff,2
skate,2
tilt,2
damp,2
corse,2
consequence,2
thermoquad,2
blades,2
gsr,2
bullitt,2
upside,2
virtual,2
approval,2
hermit,2
tuck,2
bead,2
boo,2
harsh,2
loss,2
peak,2
plunge,2
skeeved,2
incentivized,2
gallons,2
enclave,2
accommodate,2
shortcut,2
grump,2
mo,2
rebound,2
gaw,2
taint,2
recede,2
zig,2
innovate,2
therapeutic,2
egg,2
comprehend,2
urge,2
milk,2
content,2
fluctuate,2
snowmanning,2
instated,2
onboarding,2
ace,2
obligate,2
speccing,2
bombard,2
surf,2
wagon,2
basement,2
alert,2
goodyear,2
congest,2
lanekeeping,2
economists,2
persevere,2
dismay,2
tr,2
crook,2
derail,2
cage,2
cart,2
flavor,2
clone,2
lhd,2
stiffed,2
mc,2
gong,2
mint,2
freemont,2
flaw,2
poll,2
guibo,2
conniptions,2
nonfunctioning,2
balloon,2
divine,2
modulate,2
adms,2
ballparking,2
weaken,2
pen,2
drivability,1
tdid,1
cozying,1
emasculate,1
hoard,1
cue,1
disneyland,1
roadrunner,1
tens,1
dealership,1
ecosport,1
decent,1
myriad,1
vw,1
guy,1
tampa,1
prescient,1
lawn,1
baby,1
conserve,1
rayyou,1
hooning,1
unit,1
someplace,1
supervise,1
career,1
trek,1
settings,1
summon,1
detest,1
classify,1
minority,1
stud,1
keen,1
prop,1
upscale,1
fling,1
misprint,1
moonroofs,1
prim,1
trans,1
artform,1
spec,1
incentive,1
freight,1
compressor,1
wala,1
inject,1
disapointed,1
mute,1
reacquaint,1
phytin,1
mathing,1
desk,1
beware,1
deduct,1
reimburse,1
situate,1
out,1
git,1
footprint,1
chalkboard,1
borgward,1
ewww,1
traffic,1
willingness,1
quip,1
accident,1
expend,1
……,1
nhtsa,1
rangers,1
withdrawals,1
chuck,1
omg,1
dispositive,1
maneuver,1
unearth,1
wrxlooks,1
grumpy,1
factory,1
disparage,1
interchange,1
interfere,1
tellurides,1
pallisade,1
sentra,1
scheme,1
panic,1
mph,1
goodness,1
crypto,1
lag,1
dibs,1
unmolested,1
scuff,1
finagle,1
loose,1
scam,1
sqealing,1
situations,1
sludging,1
slay,1
dime,1
citrus,1
preview,1
lanes,1
nys,1
shifter,1
nicest,1
smatter,1
outsell,1
overmonied,1
topic,1
spool,1
investment,1
justification,1
outpower,1
rwd,1
tthing,1
cherokees,1
bouncy,1
tote,1
desks,1
wise,1
noodle,1
mug,1
plead,1
funniest,1
indianapolis,1
aggregate,1
misbehave,1
toll,1
smarttv,1
glitchy,1
ooing,1
backseat,1
beckon,1
invade,1
preclude,1
deteriorate,1
basset,1
sympathize,1
away,1
biopsying,1
prod,1
erect,1
blend,1
hiss,1
torx,1
softball,1
grieve,1
still,1
strangest,1
snowbirds,1
pricey,1
romance,1
dding,1
experiemented,1
sandisck,1
carplay,1
dull,1
micro,1
hodgepodge,1
toronado,1
overlay,1
comfort,1
engulf,1
wma,1
cd,1
miscalculate,1
obsessive,1
bytes,1
tpm,1
emit,1
ache,1
hz,1
thundernight,1
mi,1
reminisce,1
mobile,1
stitchspeaking,1
plastidipped,1
gms,1
fan,1
outbuilding,1
knee,1
eagle,1
mu,1
hoagie,1
cinci,1
outcome,1
superbowl,1
broncog,1
ps,1
podcast,1
whiff,1
wr,1
burrow,1
competitive,1
seekins,1
snoop,1
sneeze,1
disformed,1
furlough,1
rewinded,1
inferior,1
concours,1
rarities,1
radwood,1
gussied,1
speck,1
underprice,1
smb,1
reliableor,1
glk,1
winterize,1
ones,1
misunderstand,1
gle,1
sprinter,1
sturdy,1
spittin,1
recipients,1
flipside,1
billboards,1
claw,1
santa,1
ya,1
automalls,1
capture,1
colorado,1
acquaintances,1
qb,1
fracture,1
hpdes,1
ccap,1
specs,1
sills,1
impinge,1
chargers,1
hint,1
spat,1
tussle,1
warrantied,1
differential,1
hubcaps,1
landlords,1
eta,1
taycan,1
relay,1
stub,1
job,1
liter,1
thurs,1
backtrack,1
morph,1
riddle,1
reg,1
dismiss,1
disobey,1
clause,1
scratchers,1
worthwhile,1
emboss,1
crossbow,1
umbrellas,1
web,1
opposite,1
furnish,1
obey,1
quadruple,1
defective,1
farewell,1
alpinas,1
conduct,1
raid,1
swat,1
collocate,1
tarrytown,1
notgonnahappen,1
yabbering,1
infrastructure,1
prevail,1
repurposed,1
wine,1
kayak,1
cove,1
brief,1
imitate,1
yard,1
upshifting,1
cargo,1
caliper,1
language,1
unpleasant,1
overclean,1
nickname,1
occupants,1
regulate,1
mortgage,1
carp,1
outvote,1
remodel,1
bide,1
va,1
fraud,1
wit,1
exhilarate,1
befit,1
reinvest,1
wood,1
cummings,1
category,1
modes,1
aaa,1
asap,1
beauty,1
dd,1
sear,1
clobber,1
hempstead,1
defend,1
fret,1
lifespan,1
camerait,1
beep,1
lefty,1
algorithms,1
raylike,1
nds,1
customizable,1
olde,1
retuned,1
broil,1
deburr,1
grenading,1
heal,1
semi,1
overpass,1
pickups,1
development,1
repurposing,1
belie,1
mazal,1
belated,1
performance,1
cull,1
roadside,1
nauseate,1
milage,1
welp,1
doable,1
ota,1
outstrip,1
luxury,1
prosecute,1
fevered,1
internet,1
decade,1
peg,1
comcast,1
journey,1
underscore,1
outsource,1
bugatti,1
toddlers,1
access,1
bod,1
teslas,1
classifieds,1
fremont,1
irk,1
cheshire,1
starbucks,1
chafe,1
lambast,1
tarnish,1
twitter,1
hath,1
apr,1
cpa,1
mk,1
torpedo,1
wringer,1
socialize,1
rayhoping,1
drift,1
petition,1
rabbi,1
schwartz,1
diet,1
attain,1
status,1
trailering,1
doilies,1
mask,1
kudos,1
cloud,1
guzzle,1
highlight,1
honour,1
redirect,1
‘s,1
excoriate,1
money,1
red,1
retest,1
beam,1
lakes,1
peep,1
drawbacks,1
riiiight,1
bummer,1
indys,1
swamp,1
rarer,1
cake,1
iron,1
overvalue,1
hpfp,1
dumb,1
toast,1
slot,1
troubleshoot,1
chiron,1
hoovie,1
predate,1
episode,1
torch,1
anchor,1
quicken,1
table,1
cement,1
strut,1
withstand,1
mitsubishi,1
euclid,1
chows,1
th,1
wid,1
quaint,1
refrigerate,1
endlinks,1
populate,1
wilt,1
goaltending,1
scrape,1
safelite,1
allstate,1
jinx,1
blab,1
burger,1
chowed,1
dudettes,1
harry,1
wolf,1
slowness,1
spout,1
yukko,1
disguise,1
revamp,1
drywall,1
crane,1
buttloads,1
starbuck,1
lux,1
tls,1
scads,1
fb,1
heft,1
searchingrack,1
pun,1
autostick,1
churn,1
heartbroken,1
cubic,1
hondas,1
cruces,1
nm,1
unrealistic,1
ray,1
inflict,1
lockett,1
sept,1
endear,1
hip,1
narrate,1
rugs,1
ted,1
mindblowing,1
popnothing,1
guessin,1
chbs,1
jiggle,1
lade,1
flashlights,1
climes,1
citify,1
brushless,1
es,1
codify,1
suzukis,1
aside,1
nvh,1
batch,1
merchandize,1
disc,1
pretensioned,1
rotten,1
praise,1
lane,1
friend,1
wive,1
emojis,1
joust,1
conclude,1
surcharge,1
recourse,1
delivery,1
cinder,1
misadventures,1
overtake,1
buyers,1
suite,1
gluttons,1
ching,1
tbh,1
insurance,1
teenaged,1
pose,1
team,1
expedite,1
bam,1
odor,1
rebuilder,1
govern,1
interface,1
cooperate,1
data,1
livid,1
roader,1
squat,1
rake,1
regal,1
artifacting,1
boulders,1
xeriscaping,1
siphon,1
undock,1
mazdas,1
expandable,1
greenbacks,1
pancakes,1
russians,1
redundancy,1
alleviate,1
talon,1
indiana,1
spd,1
fraction,1
amen,1
phrase,1
eclipse,1
myp,1
bomb,1
chagrin,1
luxor,1
rut,1
quick,1
sedan,1
rabbit,1
allentown,1
reside,1
decorate,1
bode,1
dark,1
derive,1
eek,1
pip,1
spew,1
disadvantage,1
eyelashes,1
runabouts,1
craziness,1
practical,1
schweiz,1
tho,1
paste,1
unassuming,1
roach,1
inventory,1
roy,1
ashamed,1
newer,1
chain,1
dollar,1
sakhir,1
absolute,1
ezpass,1
prepped,1
expectations,1
except,1
longish,1
trucker,1
unfulfilled,1
shots,1
legal,1
ctrl,1
lick,1
it’ll,1
spelunk,1
drum,1
hem,1
seller,1
foot,1
lube,1
reconfiguring,1
decontented,1
corolla,1
constitute,1
maze,1
company,1
cackle,1
mist,1
moonroof,1
reconfigured,1
smart,1
assort,1
recipe,1
youtubed,1
elise,1
maintenance,1
aptitude,1
embed,1
gel,1
actuate,1
fellows,1
sleeve,1
salute,1
alloy,1
blind,1
re,1
cusp,1
hiccup,1
attest,1
misread,1
execs,1
grasp,1
cater,1
construct,1
master,1
milkshakes,1
na,1
debut,1
mavericks,1
finalize,1
half,1
rsw,1
nooks,1
outages,1
fob,1
previa,1
repress,1
branch,1
enquire,1
farm,1
tinker,1
lienholder,1
dislodge,1
sneer,1
atleast,1
dishwashers,1
grate,1
north,1
raymi,1
alarm,1
absence,1
shun,1
dissimilar,1
initialize,1
dads,1
hinshaws,1
forward,1
angle,1
abduct,1
dewatering,1
uber,1
unexcited,1
diss,1
gut,1
lure,1
loooong,1
saver,1
benchmarked,1
repurchase,1
meadow,1
pledge,1
dilute,1
imbed,1
kicker,1
difficult,1
poster,1
grandfathered,1
bankrupt,1
saturate,1
shore,1
wildest,1
lemmings,1
grandpa,1
reflash,1
infuriate,1
pencil,1
recess,1
lurk,1
ye,1
derby,1
mismatch,1
ineos,1
steyr,1
combo,1
rs,1
stricken,1
realm,1
trx,1
reseat,1
seater,1
dog,1
necessitate,1
refusal,1
insoles,1
adidas,1
ons,1
vessi,1
liquidate,1
doze,1
reliability,1
stickwhitered,1
headroom,1
pirellis,1
hanker,1
drivable,1
looker,1
boulevard,1
edition,1
lessen,1
compel,1
widen,1
alas,1
delve,1
disapprove,1
drovve,1
jest,1
nurburgring,1
lh,1
implore,1
fledge,1
dsg,1
whistle,1
withdraw,1
confess,1
complement,1
resonate,1
meta,1
beef,1
cx,1
wall,1
shipments,1
blindfold,1
diagram,1
tom,1
invasive,1
doggy,1
seltos,1
luggage,1
disqualify,1
extinguish,1
impair,1
vision,1
lurch,1
hundreds,1
carbonize,1
subwoofer,1
lemon,1
elicit,1
shampoo,1
harbor,1
interlock,1
bandaid,1
reparked,1
bils,1
raywanted,1
blonde,1
bow,1
cyl,1
spooky,1
tons,1
influence,1
lincoln,1
regs,1
dabble,1
burble,1
strangle,1
throated,1
perfection,1
ugly,1
sup,1
corner,1
degrees,1
fare,1
igv,1
humble,1
strap,1
enamor,1
scorn,1
story,1
opinion,1
flower,1
claire,1
obsoletes,1
ded,1
rememinded,1
upload,1
herald,1
layer,1
wbdo,1
irate,1
plop,1
reorder,1
chapman,1
temper,1
potholed,1
atos,1
pony,1
standard,1
manuals,1
passport,1
overwhelm,1
piece,1
blank,1
capitalize,1
debadged,1
alt,1
blacklist,1
eww,1
vibrate,1
pamper,1
february,1
confine,1
bmws,1
metal,1
sol,1
maid,1
sake,1
undo,1
muck,1
wawa,1
dismount,1
senders,1
wave,1
hey,1
avert,1
rearrange,1
respectable,1
cabinets,1
expiration,1
loop,1
wrack,1
goodyears,1
liited,1
squint,1
runflats,1
mile,1
kish,1
wool,1
renegade,1
oh,1
sellers,1
uninspiring,1
denali,1
civic,1
firm,1
retrain,1
awesome,1
ecotec,1
sohc,1
revolt,1
encore,1
well,1
mash,1
understate,1
riot,1
photoshopped,1
fat,1
backordered,1
catastrophic,1
redeem,1
refineries,1
vins,1
tambien,1
lobby,1
obfuscate,1
scammed,1
unwitting,1
signage,1
comfortable,1
quicker,1
mtc,1
ponds,1
weary,1
flirt,1
homestead,1
bilt,1
batteries,1
jar,1
propel,1
installation,1
tower,1
inning,1
debug,1
deter,1
trace,1
haha,1
cute,1
decommission,1
foreclose,1
smoothness,1
stagea,1
deed,1
station,1
crown,1
tease,1
retune,1
resurrections,1
rhino,1
psa,1
aware,1
bubble,1
contender,1
machine,1
folks,1
torture,1
candidate,1
chair,1
oopsie,1
bavsound,1
dealerinspire,1
digadid,1
bootstrapping,1
renegotiate,1
startup,1
psyched,1
driveway,1
blanket,1
protest,1
nz,1
lookout,1
monied,1
swirl,1
rodded,1
adjuster,1
defy,1
dragy,1
purge,1
abound,1
congrats,1
max,1
mood,1
ridesharing,1
accrue,1
ga,1
impessed,1
oil,1
revere,1
divorce,1
found,1
prospect,1
rerouting,1
stiffen,1
showroom,1
alienate,1
flub,1
rockers,1
sunlight,1
tp,1
reasonable,1
bilsteins,1
qite,1
smooth,1
ddt,1
enterprising,1
thruway,1
inbound,1
bald,1
goof,1
recap,1
platform,1
prequalified,1
adjudicate,1
estate,1
rebranded,1
owner,1
screen,1
chew,1
suffice,1
police,1
laundry,1
steaks,1
broadside,1
fishtail,1
twitch,1
auto,1
meep,1
eeeu,1
saloon,1
aluminum,1
kinda,1
taxi,1
breathe,1
gesture,1
offroad,1
shrine,1
decry,1
theme,1
appal,1
big,1
shy,1
stead,1
inset,1
tldr,1
kiss,1
goin,1
calculations,1
publicize,1
deprecate,1
raspberry,1
sales,1
differ,1
delipidated,1
trifle,1
etby,1
excellent,1
faze,1
fairbanks,1
concur,1
mack,1
clubman,1
netherlands,1
affalterbach,1
exclaim,1
fiddle,1
afflict,1
expense,1
itemize,1
glut,1
poker,1
bardstown,1
